PATH,PARENT,FILENAME
"./2026-1-Winter/PRE-ORCHESTRA/Musette/Musette-Piano.pdf","Musette","Musette-Piano.pdf"
"./2026-1-Winter/PRE-ORCHESTRA/Musette/Musette-Violins-2-4.pdf","Musette","Musette-Violins-2-4.pdf"
"./2026-1-Winter/PRE-ORCHESTRA/Musette/Musette-Violin-1.pdf","Musette","Musette-Violin-1.pdf"
"./2026-1-Winter/OMEGA_ 2026 Winter SRYSO/Bartok-Romanian-Dances/BARTOK-VERSION-1/Bartok-Romanian-Dances-VIOLA.pdf","BARTOK-VERSION-1","Bartok-Romanian-Dances-VIOLA.pdf"
"./2026-1-Winter/OMEGA_ 2026 Winter SRYSO/Bartok-Romanian-Dances/BARTOK-VERSION-1/Bartok-Romanian-Dances-VIOLIN-1.pdf","BARTOK-VERSION-1","Bartok-Romanian-Dances-VIOLIN-1.pdf"
"./2026-1-Winter/OMEGA_ 2026 Winter SRYSO/Bartok-Romanian-Dances/BARTOK-VERSION-1/Bartok-Romanian-Dances-CELLO.pdf","BARTOK-VERSION-1","Bartok-Romanian-Dances-CELLO.pdf"
"./2026-1-Winter/OMEGA_ 2026 Winter SRYSO/Bartok-Romanian-Dances/BARTOK-VERSION-1/Bartok-Romanian-Dances.mscz","BARTOK-VERSION-1","Bartok-Romanian-Dances.mscz"
"./2026-1-Winter/OMEGA_ 2026 Winter SRYSO/Bartok-Romanian-Dances/BARTOK-VERSION-1/Bartok-Romanian-Dances-SCORE.pdf","BARTOK-VERSION-1","Bartok-Romanian-Dances-SCORE.pdf"
"./2026-1-Winter/OMEGA_ 2026 Winter SRYSO/Bartok-Romanian-Dances/BARTOK-VERSION-1/Bartok-Romanian-Dances-VIOLIN-SOLO.pdf","BARTOK-VERSION-1","Bartok-Romanian-Dances-VIOLIN-SOLO.pdf"
"./2026-1-Winter/OMEGA_ 2026 Winter SRYSO/Bartok-Romanian-Dances/BARTOK-VERSION-2/Bartok-Romanian-Dances-Ver-2-VIOLIN-SOLO.pdf","BARTOK-VERSION-2","Bartok-Romanian-Dances-Ver-2-VIOLIN-SOLO.pdf"
"./2026-1-Winter/OMEGA_ 2026 Winter SRYSO/Bartok-Romanian-Dances/BARTOK-VERSION-2/Bartok-Romanian-Dances-Ver-2-SCORE.pdf","BARTOK-VERSION-2","Bartok-Romanian-Dances-Ver-2-SCORE.pdf"
"./2026-1-Winter/OMEGA_ 2026 Winter SRYSO/Bartok-Romanian-Dances/BARTOK-VERSION-2/Bartok-Romanian-Dances-Ver-2-VIOLA.pdf","BARTOK-VERSION-2","Bartok-Romanian-Dances-Ver-2-VIOLA.pdf"
"./2026-1-Winter/OMEGA_ 2026 Winter SRYSO/Bartok-Romanian-Dances/BARTOK-VERSION-2/Bartok-Romanian-Dances-Ver-2-VIOLIN-2.pdf","BARTOK-VERSION-2","Bartok-Romanian-Dances-Ver-2-VIOLIN-2.pdf"
"./2026-1-Winter/OMEGA_ 2026 Winter SRYSO/Bartok-Romanian-Dances/BARTOK-VERSION-2/Bartok-Romanian-Dances-Ver-2.mscz","BARTOK-VERSION-2","Bartok-Romanian-Dances-Ver-2.mscz"
"./2026-1-Winter/OMEGA_ 2026 Winter SRYSO/Bartok-Romanian-Dances/Jianni-Bowings-Bartok-1-4.pdf","Bartok-Romanian-Dances","Jianni-Bowings-Bartok-1-4.pdf"
"./2026-1-Winter/OMEGA_ 2026 Winter SRYSO/Rachmaninoff-Prelude/Rachmaninoff-Prelude-SCORE.pdf","Rachmaninoff-Prelude","Rachmaninoff-Prelude-SCORE.pdf"
"./2026-1-Winter/OMEGA_ 2026 Winter SRYSO/Rachmaninoff-Prelude/Rachmaninoff-Prelude-CELLO.pdf","Rachmaninoff-Prelude","Rachmaninoff-Prelude-CELLO.pdf"
"./2026-1-Winter/OMEGA_ 2026 Winter SRYSO/Rachmaninoff-Prelude/Rachmaninoff-Prelude-VIOLIN-1.pdf","Rachmaninoff-Prelude","Rachmaninoff-Prelude-VIOLIN-1.pdf"
"./2026-1-Winter/OMEGA_ 2026 Winter SRYSO/Rachmaninoff-Prelude/Rachmaninoff-Prelude-VIOLA.pdf","Rachmaninoff-Prelude","Rachmaninoff-Prelude-VIOLA.pdf"
"./2026-1-Winter/OMEGA_ 2026 Winter SRYSO/Howls-Moving-Castle/HOWL-VERSION-2/Howls-Moving-Castle-Ver-2-Cello.pdf","HOWL-VERSION-2","Howls-Moving-Castle-Ver-2-Cello.pdf"
"./2026-1-Winter/OMEGA_ 2026 Winter SRYSO/Howls-Moving-Castle/HOWL-VERSION-2/Howls-Moving-Castle-Ver-2.mscz","HOWL-VERSION-2","Howls-Moving-Castle-Ver-2.mscz"
"./2026-1-Winter/OMEGA_ 2026 Winter SRYSO/Howls-Moving-Castle/HOWL-VERSION-2/Howls-Moving-Castle-Ver-2-Violin-1.pdf","HOWL-VERSION-2","Howls-Moving-Castle-Ver-2-Violin-1.pdf"
"./2026-1-Winter/OMEGA_ 2026 Winter SRYSO/Howls-Moving-Castle/HOWL-VERSION-2/Howls-Moving-Castle-Ver-2-Violin-2.pdf","HOWL-VERSION-2","Howls-Moving-Castle-Ver-2-Violin-2.pdf"
"./2026-1-Winter/OMEGA_ 2026 Winter SRYSO/Howls-Moving-Castle/Howls-Moving-Castle-Ver-3-SCORE.pdf","Howls-Moving-Castle","Howls-Moving-Castle-Ver-3-SCORE.pdf"
"./2026-1-Winter/OMEGA_ 2026 Winter SRYSO/Howls-Moving-Castle/Howls-Moving-Castle-Ver-3-Cello.pdf","Howls-Moving-Castle","Howls-Moving-Castle-Ver-3-Cello.pdf"
"./2026-1-Winter/OMEGA_ 2026 Winter SRYSO/Howls-Moving-Castle/Howls-Moving-Castle-Ver-3.mscz","Howls-Moving-Castle","Howls-Moving-Castle-Ver-3.mscz"
"./2026-1-Winter/OMEGA_ 2026 Winter SRYSO/Howls-Moving-Castle/Howls-Moving-Castle-Ver-3-Violin-1.pdf","Howls-Moving-Castle","Howls-Moving-Castle-Ver-3-Violin-1.pdf"
"./2026-1-Winter/OMEGA_ 2026 Winter SRYSO/Howls-Moving-Castle/Howls-Moving-Castle-Ver-3-Violin-2.pdf","Howls-Moving-Castle","Howls-Moving-Castle-Ver-3-Violin-2.pdf"
"./2026-1-Winter/OMEGA_ 2026 Winter SRYSO/Howls-Moving-Castle/Howls-Moving-Castle-Ver-3-Viola.pdf","Howls-Moving-Castle","Howls-Moving-Castle-Ver-3-Viola.pdf"
"./2026-1-Winter/SRYSO-SCALES/Hrimaly-G-Major-E-Minor.pdf","SRYSO-SCALES","Hrimaly-G-Major-E-Minor.pdf"
"./2026-1-Winter/SRYSO-SCALES/Hrimaly-style-D-Maj-B-Min-D-Chro-Cello.pdf","SRYSO-SCALES","Hrimaly-style-D-Maj-B-Min-D-Chro-Cello.pdf"
"./2026-1-Winter/SRYSO-SCALES/Hrimaly-style-D-Maj-B-Min-D-Chro-VLA.pdf","SRYSO-SCALES","Hrimaly-style-D-Maj-B-Min-D-Chro-VLA.pdf"
"./2026-1-Winter/SRYSO-SCALES/Hrimaly-style-D-Maj-B-Min-D-Chrom-Vln.pdf","SRYSO-SCALES","Hrimaly-style-D-Maj-B-Min-D-Chrom-Vln.pdf"
"./2026-1-Winter/ALPHA_ 2026 Winter SRYSO/ALPHA-BOWINGS-VERY-LIMITED-AS-YET/JUPITER-VN-2-BOWINGS.pdf","ALPHA-BOWINGS-VERY-LIMITED-AS-YET","JUPITER-VN-2-BOWINGS.pdf"
"./2026-1-Winter/ALPHA_ 2026 Winter SRYSO/Swan-Lake-Tchaikovsky/Swan Lake - 2nd Violin.pdf","Swan-Lake-Tchaikovsky","Swan Lake - 2nd Violin.pdf"
"./2026-1-Winter/ALPHA_ 2026 Winter SRYSO/Swan-Lake-Tchaikovsky/Swan Lake - 3rd Violin (Viola [TC]).pdf","Swan-Lake-Tchaikovsky","Swan Lake - 3rd Violin (Viola [TC]).pdf"
"./2026-1-Winter/ALPHA_ 2026 Winter SRYSO/Swan-Lake-Tchaikovsky/Swan Lake - String Bass.pdf","Swan-Lake-Tchaikovsky","Swan Lake - String Bass.pdf"
"./2026-1-Winter/ALPHA_ 2026 Winter SRYSO/Swan-Lake-Tchaikovsky/Swan Lake - Viola.pdf","Swan-Lake-Tchaikovsky","Swan Lake - Viola.pdf"
"./2026-1-Winter/ALPHA_ 2026 Winter SRYSO/Swan-Lake-Tchaikovsky/Swan Lake - Score.pdf","Swan-Lake-Tchaikovsky","Swan Lake - Score.pdf"
"./2026-1-Winter/ALPHA_ 2026 Winter SRYSO/Swan-Lake-Tchaikovsky/Swan Lake - Cello.pdf","Swan-Lake-Tchaikovsky","Swan Lake - Cello.pdf"
"./2026-1-Winter/ALPHA_ 2026 Winter SRYSO/Jupiter-Hymn-Holst/Jupiter-Hymn-Ver-2-SCORE.pdf","Jupiter-Hymn-Holst","Jupiter-Hymn-Ver-2-SCORE.pdf"
"./2026-1-Winter/ALPHA_ 2026 Winter SRYSO/Jupiter-Hymn-Holst/Jupiter-Hymn-Ver-2-Violin-1.pdf","Jupiter-Hymn-Holst","Jupiter-Hymn-Ver-2-Violin-1.pdf"
"./2026-1-Winter/ALPHA_ 2026 Winter SRYSO/Jupiter-Hymn-Holst/jupiter-hymn.mscz","Jupiter-Hymn-Holst","jupiter-hymn.mscz"
"./2026-1-Winter/ALPHA_ 2026 Winter SRYSO/Jupiter-Hymn-Holst/Jupiter-Hymn-Ver-2-Violin-2.pdf","Jupiter-Hymn-Holst","Jupiter-Hymn-Ver-2-Violin-2.pdf"
"./2026-1-Winter/ALPHA_ 2026 Winter SRYSO/Jupiter-Hymn-Holst/Jupiter-Hymn-Ver-2-Cello.pdf","Jupiter-Hymn-Holst","Jupiter-Hymn-Ver-2-Cello.pdf"
"./2026-1-Winter/ALPHA_ 2026 Winter SRYSO/Jupiter-Hymn-Holst/Jupiter-Hymn-Ver-2-Viola.pdf","Jupiter-Hymn-Holst","Jupiter-Hymn-Ver-2-Viola.pdf"
"./2026-1-Winter/ALPHA_ 2026 Winter SRYSO/Wishing-Ffrench/Wishing-Ver-4-Vc-1.pdf","Wishing-Ffrench","Wishing-Ver-4-Vc-1.pdf"
"./2026-1-Winter/ALPHA_ 2026 Winter SRYSO/Wishing-Ffrench/Wishing-Ver-4-Vc-2.pdf","Wishing-Ffrench","Wishing-Ver-4-Vc-2.pdf"
"./2026-1-Winter/ALPHA_ 2026 Winter SRYSO/Wishing-Ffrench/Wishing-Ver-4-SCORE.pdf","Wishing-Ffrench","Wishing-Ver-4-SCORE.pdf"
"./2026-1-Winter/ALPHA_ 2026 Winter SRYSO/Wishing-Ffrench/OLD-V3-IGNORE/Wishing-Ver-3-SCORE.pdf","OLD-V3-IGNORE","Wishing-Ver-3-SCORE.pdf"
"./2026-1-Winter/ALPHA_ 2026 Winter SRYSO/Wishing-Ffrench/OLD-V3-IGNORE/Wishing-Ver-3-Cello-2.pdf","OLD-V3-IGNORE","Wishing-Ver-3-Cello-2.pdf"
"./2026-1-Winter/ALPHA_ 2026 Winter SRYSO/Wishing-Ffrench/OLD-V3-IGNORE/Wishing-Ver-3-Cello-1.pdf","OLD-V3-IGNORE","Wishing-Ver-3-Cello-1.pdf"
"./2026-1-Winter/ALPHA_ 2026 Winter SRYSO/Wishing-Ffrench/OLD-V3-IGNORE/Wishing-Ver-3-Violin-1.pdf","OLD-V3-IGNORE","Wishing-Ver-3-Violin-1.pdf"
"./2026-1-Winter/ALPHA_ 2026 Winter SRYSO/Wishing-Ffrench/OLD-V3-IGNORE/Wishing-Ver-3-Violin-2.pdf","OLD-V3-IGNORE","Wishing-Ver-3-Violin-2.pdf"
"./2026-1-Winter/ALPHA_ 2026 Winter SRYSO/Wishing-Ffrench/OLD-V3-IGNORE/Wishing-Ver-3-Viola.pdf","OLD-V3-IGNORE","Wishing-Ver-3-Viola.pdf"
"./2026-1-Winter/ALPHA_ 2026 Winter SRYSO/Wishing-Ffrench/Wishing-Ver-4-Vla.pdf","Wishing-Ffrench","Wishing-Ver-4-Vla.pdf"
"./2026-1-Winter/ALPHA_ 2026 Winter SRYSO/Wishing-Ffrench/Wishing-Ver-4.mscz","Wishing-Ffrench","Wishing-Ver-4.mscz"
"./2024-3-Fall/Mozart-40/DO-NOT-USE--VERSION-1/Mozart-40-7-Voices-Ver-1.pdf","DO-NOT-USE--VERSION-1","Mozart-40-7-Voices-Ver-1.pdf"
"./2024-3-Fall/Mozart-40/DO-NOT-USE--VERSION-1/Mozart-40-7-Voices-Ver-1-Viola-1.pdf","DO-NOT-USE--VERSION-1","Mozart-40-7-Voices-Ver-1-Viola-1.pdf"
"./2024-3-Fall/Mozart-40/DO-NOT-USE--VERSION-1/Mozart-40-7-Voices-Ver-1-Viola-2.pdf","DO-NOT-USE--VERSION-1","Mozart-40-7-Voices-Ver-1-Viola-2.pdf"
"./2024-3-Fall/Mozart-40/DO-NOT-USE--VERSION-1/Mozart-40-7-Voices-Ver-1-Violin-1.pdf","DO-NOT-USE--VERSION-1","Mozart-40-7-Voices-Ver-1-Violin-1.pdf"
"./2024-3-Fall/Mozart-40/DO-NOT-USE--VERSION-1/Mozart-40-7-Voices-Ver-1-Violin-2.pdf","DO-NOT-USE--VERSION-1","Mozart-40-7-Voices-Ver-1-Violin-2.pdf"
"./2024-3-Fall/Mozart-40/DO-NOT-USE--VERSION-1/Mozart-40-7-Voices-Ver-1.mscz","DO-NOT-USE--VERSION-1","Mozart-40-7-Voices-Ver-1.mscz"
"./2024-3-Fall/Mozart-40/DO-NOT-USE--VERSION-1/Mozart-40-7-Voices-Ver-1-Cello-1.pdf","DO-NOT-USE--VERSION-1","Mozart-40-7-Voices-Ver-1-Cello-1.pdf"
"./2024-3-Fall/Mozart-40/DO-NOT-USE--VERSION-1/Mozart-40-7-Voices-Ver-1-Cello-2.pdf","DO-NOT-USE--VERSION-1","Mozart-40-7-Voices-Ver-1-Cello-2.pdf"
"./2024-3-Fall/Mozart-40/Mozart-40-7-Voices-Ver-2-Viola-2.pdf","Mozart-40","Mozart-40-7-Voices-Ver-2-Viola-2.pdf"
"./2024-3-Fall/Mozart-40/Mozart-40-7-Voices-Ver-2-Viola-1.pdf","Mozart-40","Mozart-40-7-Voices-Ver-2-Viola-1.pdf"
"./2024-3-Fall/Mozart-40/Mozart-40-7-Voices-Ver-2-Cello-2.pdf","Mozart-40","Mozart-40-7-Voices-Ver-2-Cello-2.pdf"
"./2024-3-Fall/Mozart-40/Mozart-40-7-Voices-Ver-2-Violin-1.pdf","Mozart-40","Mozart-40-7-Voices-Ver-2-Violin-1.pdf"
"./2024-3-Fall/Mozart-40/Mozart-40-7-Voices-Ver-2-Violin-2.pdf","Mozart-40","Mozart-40-7-Voices-Ver-2-Violin-2.pdf"
"./2024-3-Fall/Mozart-40/Mozart-40-7-Voices-Ver-2-Violin-3.pdf","Mozart-40","Mozart-40-7-Voices-Ver-2-Violin-3.pdf"
"./2024-3-Fall/Finlandia/Finlandia-Ver-2.mscz","Finlandia","Finlandia-Ver-2.mscz"
"./2024-3-Fall/Finlandia/VERSION-1/Finlandia-Ver-1-Violin-1.pdf","VERSION-1","Finlandia-Ver-1-Violin-1.pdf"
"./2024-3-Fall/Finlandia/VERSION-1/Finlandia-Ver-1-Violin-2.pdf","VERSION-1","Finlandia-Ver-1-Violin-2.pdf"
"./2024-3-Fall/Finlandia/VERSION-1/Finlandia-Ver-1.pdf","VERSION-1","Finlandia-Ver-1.pdf"
"./2024-3-Fall/Finlandia/VERSION-1/Finlandia-Ver-1-Cello-2.pdf","VERSION-1","Finlandia-Ver-1-Cello-2.pdf"
"./2024-3-Fall/Finlandia/VERSION-1/Finlandia-Ver-1-Cello-1.pdf","VERSION-1","Finlandia-Ver-1-Cello-1.pdf"
"./2024-3-Fall/Finlandia/VERSION-1/Finlandia-Ver-1-Viola.pdf","VERSION-1","Finlandia-Ver-1-Viola.pdf"
"./2024-3-Fall/Finlandia/Finlandia-Ver-2.pdf","Finlandia","Finlandia-Ver-2.pdf"
"./2024-3-Fall/Finlandia/Finlandia-Ver-2-Violin-1.pdf","Finlandia","Finlandia-Ver-2-Violin-1.pdf"
"./2024-3-Fall/Finlandia/Finlandia-Ver-2-Violin-2.pdf","Finlandia","Finlandia-Ver-2-Violin-2.pdf"
"./2024-3-Fall/Finlandia/Finlandia-Ver-2-Cello-1.pdf","Finlandia","Finlandia-Ver-2-Cello-1.pdf"
"./2024-3-Fall/Up-Theme-Married-Life/Married-Life-7-Voices-Ver-1-Cello-1.pdf","Up-Theme-Married-Life","Married-Life-7-Voices-Ver-1-Cello-1.pdf"
"./2024-3-Fall/Up-Theme-Married-Life/Married-Life-7-Voices-Ver-1-Cello-2.pdf","Up-Theme-Married-Life","Married-Life-7-Voices-Ver-1-Cello-2.pdf"
"./2024-3-Fall/Up-Theme-Married-Life/Married-Life-7-Voices-Ver-1-Violin-2.pdf","Up-Theme-Married-Life","Married-Life-7-Voices-Ver-1-Violin-2.pdf"
"./2024-3-Fall/Up-Theme-Married-Life/Married-Life-7-Voices-Ver-1-Viola-1.pdf","Up-Theme-Married-Life","Married-Life-7-Voices-Ver-1-Viola-1.pdf"
"./2024-3-Fall/Up-Theme-Married-Life/Married-Life-7-Voices-Ver-1-Violin-3.pdf","Up-Theme-Married-Life","Married-Life-7-Voices-Ver-1-Violin-3.pdf"
"./2024-3-Fall/Up-Theme-Married-Life/Married-Life-7-Voices-Ver-1-Violin-1.pdf","Up-Theme-Married-Life","Married-Life-7-Voices-Ver-1-Violin-1.pdf"
"./2024-3-Fall/Up-Theme-Married-Life/Married-Life-7-Voices-Ver-1-Viola-2.pdf","Up-Theme-Married-Life","Married-Life-7-Voices-Ver-1-Viola-2.pdf"
"./2024-3-Fall/Seating-Charts-Etc/Seating-2024-10-08.pdf","Seating-Charts-Etc","Seating-2024-10-08.pdf"
"./2024-3-Fall/Corelli-xmas-cto/Corelli-Xmas-Cto-G-Min-Op-6-No-8-Basso.pdf","Corelli-xmas-cto","Corelli-Xmas-Cto-G-Min-Op-6-No-8-Basso.pdf"
"./2024-3-Fall/Corelli-xmas-cto/Corelli-Xmas-Cto-G-Min-Op-6-No-8-Violin-1-Solo.pdf","Corelli-xmas-cto","Corelli-Xmas-Cto-G-Min-Op-6-No-8-Violin-1-Solo.pdf"
"./2024-3-Fall/Corelli-xmas-cto/Xmas-Cto-Cello-Viola/Corelli-Xmas-Cto-Cello-Viola.pdf","Xmas-Cto-Cello-Viola","Corelli-Xmas-Cto-Cello-Viola.pdf"
"./2024-3-Fall/Corelli-xmas-cto/Xmas-Cto-Cello-Viola/Corelli-Xmas-Viola-Vn-2-Rip.pdf","Xmas-Cto-Cello-Viola","Corelli-Xmas-Viola-Vn-2-Rip.pdf"
"./2024-3-Fall/Corelli-xmas-cto/Xmas-Cto-Cello-Viola/Corelli-Xmas-Cello-Viola.pdf","Xmas-Cto-Cello-Viola","Corelli-Xmas-Cello-Viola.pdf"
"./2024-3-Fall/Corelli-xmas-cto/Copy of Corelli-Xmas-Cto-G-Min-Op-6-No-8-Violin-2-Rip.pdf","Corelli-xmas-cto","Copy of Corelli-Xmas-Cto-G-Min-Op-6-No-8-Violin-2-Rip.pdf"
"./2024-3-Fall/Corelli-xmas-cto/Corelli-seating-chart/Corelli-Seating.pdf","Corelli-seating-chart","Corelli-Seating.pdf"
"./2024-3-Fall/Corelli-xmas-cto/Corelli-Xmas-Cto-G-Min-Op-6-No-8-Violin-2-Rip.pdf","Corelli-xmas-cto","Corelli-Xmas-Cto-G-Min-Op-6-No-8-Violin-2-Rip.pdf"
"./2024-3-Fall/Corelli-xmas-cto/Corelli-Xmas-Cto-G-Min-Op-6-No-8-Viola.pdf","Corelli-xmas-cto","Corelli-Xmas-Cto-G-Min-Op-6-No-8-Viola.pdf"
"./2024-3-Fall/Corelli-xmas-cto/Corelli-Xmas-Cto-G-Min-Op-6-No-8-Violin-2-Solo.pdf","Corelli-xmas-cto","Corelli-Xmas-Cto-G-Min-Op-6-No-8-Violin-2-Solo.pdf"
"./2024-3-Fall/Corelli-xmas-cto/Corelli-Xmas-Cto-G-Min-Op-6-No-8-Cello-Solo.pdf","Corelli-xmas-cto","Corelli-Xmas-Cto-G-Min-Op-6-No-8-Cello-Solo.pdf"
"./2024-3-Fall/Corelli-xmas-cto/Copy of Corelli-Xmas-Cto-G-Min-Op-6-No-8-Viola.pdf","Corelli-xmas-cto","Copy of Corelli-Xmas-Cto-G-Min-Op-6-No-8-Viola.pdf"
"./2024-2-Spring/Naruto - Sadness & Sorrow/Sadness-Sorrow-Rev-1-Cello-2.pdf","Naruto - Sadness & Sorrow","Sadness-Sorrow-Rev-1-Cello-2.pdf"
"./2024-2-Spring/Naruto - Sadness & Sorrow/Sadness-Sorrow-Rev-1-Violin-1.pdf","Naruto - Sadness & Sorrow","Sadness-Sorrow-Rev-1-Violin-1.pdf"
"./2024-2-Spring/Naruto - Sadness & Sorrow/Sadness-Sorrow-Rev-1-Cello-1.pdf","Naruto - Sadness & Sorrow","Sadness-Sorrow-Rev-1-Cello-1.pdf"
"./2024-2-Spring/Naruto - Sadness & Sorrow/Sadness-Sorrow-Rev-1-Violin-2.pdf","Naruto - Sadness & Sorrow","Sadness-Sorrow-Rev-1-Violin-2.pdf"
"./2024-2-Spring/Naruto - Sadness & Sorrow/Sadness-Sorrow-Rev-1.mscz","Naruto - Sadness & Sorrow","Sadness-Sorrow-Rev-1.mscz"
"./2024-2-Spring/Mozart -Eine Kleine Nachtmusik/Violin II Eine-Kleine-REV-3.pdf","Mozart -Eine Kleine Nachtmusik","Violin II Eine-Kleine-REV-3.pdf"
"./2024-2-Spring/Mozart -Eine Kleine Nachtmusik/Viola Eine-Kleine-REV-3.pdf","Mozart -Eine Kleine Nachtmusik","Viola Eine-Kleine-REV-3.pdf"
"./2024-2-Spring/Mozart -Eine Kleine Nachtmusik/Eine-Kleine-REV-2.mscz","Mozart -Eine Kleine Nachtmusik","Eine-Kleine-REV-2.mscz"
"./2024-2-Spring/Mozart -Eine Kleine Nachtmusik/Violin I Eine-Kleine-REV-3.pdf","Mozart -Eine Kleine Nachtmusik","Violin I Eine-Kleine-REV-3.pdf"
"./2024-2-Spring/Bach - Air on the G String/Air-G-String-Rev-1-Violin-2.pdf","Bach - Air on the G String","Air-G-String-Rev-1-Violin-2.pdf"
"./2024-2-Spring/Bach - Air on the G String/Air-G-String-Rev-1-Violin-1.pdf","Bach - Air on the G String","Air-G-String-Rev-1-Violin-1.pdf"
"./2024-2-Spring/Bach - Air on the G String/Air-G-String-Rev-1.mscz","Bach - Air on the G String","Air-G-String-Rev-1.mscz"
"./2024-2-Spring/Bach - Air on the G String/Air-G-String-Rev-1-Cello-1.pdf","Bach - Air on the G String","Air-G-String-Rev-1-Cello-1.pdf"
"./2024-2-Spring/Bach - Air on the G String/Air-G-String-Rev-1.pdf","Bach - Air on the G String","Air-G-String-Rev-1.pdf"
"./2024-2-Spring/Bach - Air on the G String/Air-G-String-Rev-1-Cello-2.pdf","Bach - Air on the G String","Air-G-String-Rev-1-Cello-2.pdf"
"./2024-2-Spring/Bach - Air on the G String/Air-G-String-Rev-1-Viola.pdf","Bach - Air on the G String","Air-G-String-Rev-1-Viola.pdf"
"./2024-2-Spring/Seating-Charts-Etc/SRYSO-Spring-2024-V2.pdf","Seating-Charts-Etc","SRYSO-Spring-2024-V2.pdf"
"./2025-2-Spring/Saint-Saens-Symph-3-Mvt-2/Saint-Saens-3-Mov-2-VER-1.pdf","Saint-Saens-Symph-3-Mvt-2","Saint-Saens-3-Mov-2-VER-1.pdf"
"./2025-2-Spring/Saint-Saens-Symph-3-Mvt-2/Violin-2-B-PARTS-HERE/Saint-Saens-3-Mov-2-VER-2-Violin-2B.pdf","Violin-2-B-PARTS-HERE","Saint-Saens-3-Mov-2-VER-2-Violin-2B.pdf"
"./2025-2-Spring/Saint-Saens-Symph-3-Mvt-2/Violin-2-B-PARTS-HERE/Saint-Saens-3-Mov-2-VER-2.pdf","Violin-2-B-PARTS-HERE","Saint-Saens-3-Mov-2-VER-2.pdf"
"./2025-2-Spring/Saint-Saens-Symph-3-Mvt-2/Saint-Saens-3-Mov-2-VER-1-Violin-2.pdf","Saint-Saens-Symph-3-Mvt-2","Saint-Saens-3-Mov-2-VER-1-Violin-2.pdf"
"./2025-2-Spring/Saint-Saens-Symph-3-Mvt-2/Saint-Saens-3-Mov-2-VER-1-Cello-1.pdf","Saint-Saens-Symph-3-Mvt-2","Saint-Saens-3-Mov-2-VER-1-Cello-1.pdf"
"./2025-2-Spring/Saint-Saens-Symph-3-Mvt-2/Saint-Saens-3-Mov-2-VER-1-Violin-1.pdf","Saint-Saens-Symph-3-Mvt-2","Saint-Saens-3-Mov-2-VER-1-Violin-1.pdf"
"./2025-2-Spring/Saint-Saens-Symph-3-Mvt-2/Saint-Saens-3-Mov-2-VER-1-Cello-2.pdf","Saint-Saens-Symph-3-Mvt-2","Saint-Saens-3-Mov-2-VER-1-Cello-2.pdf"
"./2025-2-Spring/Rossini-William-Tell/William-Tell-VER-1.pdf","Rossini-William-Tell","William-Tell-VER-1.pdf"
"./2025-2-Spring/Rossini-William-Tell/William-Tell-VER-1-Cello-1.pdf","Rossini-William-Tell","William-Tell-VER-1-Cello-1.pdf"
"./2025-2-Spring/Rossini-William-Tell/William-Tell-VER-1-Cello-2.pdf","Rossini-William-Tell","William-Tell-VER-1-Cello-2.pdf"
"./2025-2-Spring/Rossini-William-Tell/Violin-2-B-PARTS-HERE/William-Tell-VER-2.pdf","Violin-2-B-PARTS-HERE","William-Tell-VER-2.pdf"
"./2025-2-Spring/Rossini-William-Tell/Violin-2-B-PARTS-HERE/William-Tell-VER-2.mscz","Violin-2-B-PARTS-HERE","William-Tell-VER-2.mscz"
"./2025-2-Spring/Rossini-William-Tell/William-Tell-VER-1-Viola.pdf","Rossini-William-Tell","William-Tell-VER-1-Viola.pdf"
"./2025-2-Spring/Rossini-William-Tell/William-Tell-VER-1-Violin-2.pdf","Rossini-William-Tell","William-Tell-VER-1-Violin-2.pdf"
"./2025-2-Spring/Rossini-William-Tell/William-Tell-VER-1-Violin-3.pdf","Rossini-William-Tell","William-Tell-VER-1-Violin-3.pdf"
"./2025-2-Spring/Djawadi-Game-Thrones/Game-Thrones-VER-1.pdf","Djawadi-Game-Thrones","Game-Thrones-VER-1.pdf"
"./2025-2-Spring/Djawadi-Game-Thrones/Game-Thrones-VER-1-Cello-1.pdf","Djawadi-Game-Thrones","Game-Thrones-VER-1-Cello-1.pdf"
"./2025-2-Spring/Djawadi-Game-Thrones/Violin-2-B-PARTS-HERE/Game-Thrones-VER-2.mscz","Violin-2-B-PARTS-HERE","Game-Thrones-VER-2.mscz"
"./2025-2-Spring/Djawadi-Game-Thrones/Game-Thrones-VER-1-Violin-2.pdf","Djawadi-Game-Thrones","Game-Thrones-VER-1-Violin-2.pdf"
"./2025-2-Spring/Djawadi-Game-Thrones/Game-Thrones-VER-1-Violas.pdf","Djawadi-Game-Thrones","Game-Thrones-VER-1-Violas.pdf"
"./2025-2-Spring/Djawadi-Game-Thrones/Game-Thrones-VER-1-Violin-1.pdf","Djawadi-Game-Thrones","Game-Thrones-VER-1-Violin-1.pdf"
"./2025-2-Spring/Vivaldi-Cto-RV-522 (Chamber Group ONLY)/Vivaldi-Cto-2-Vlns-RV-522-Solo-Vln-2.pdf","Vivaldi-Cto-RV-522 (Chamber Group ONLY)","Vivaldi-Cto-2-Vlns-RV-522-Solo-Vln-2.pdf"
"./2025-2-Spring/Vivaldi-Cto-RV-522 (Chamber Group ONLY)/Vivaldi-Cto-2-Vlns-RV-522-Cello.pdf","Vivaldi-Cto-RV-522 (Chamber Group ONLY)","Vivaldi-Cto-2-Vlns-RV-522-Cello.pdf"
"./2025-2-Spring/Vivaldi-Cto-RV-522 (Chamber Group ONLY)/Vivaldi-Cto-2-Vlns-RV-522-Violin-1.pdf","Vivaldi-Cto-RV-522 (Chamber Group ONLY)","Vivaldi-Cto-2-Vlns-RV-522-Violin-1.pdf"
"./2025-2-Spring/Vivaldi-Cto-RV-522 (Chamber Group ONLY)/Vivaldi-Cto-2-Vlns-RV-522-VIOLA-LARGE.pdf","Vivaldi-Cto-RV-522 (Chamber Group ONLY)","Vivaldi-Cto-2-Vlns-RV-522-VIOLA-LARGE.pdf"
"./2025-2-Spring/Vivaldi-Cto-RV-522 (Chamber Group ONLY)/Vivaldi-Cto-2-Vlns-RV-522-BASS-LARGE.pdf","Vivaldi-Cto-RV-522 (Chamber Group ONLY)","Vivaldi-Cto-2-Vlns-RV-522-BASS-LARGE.pdf"
"./2025-2-Spring/Vivaldi-Cto-RV-522 (Chamber Group ONLY)/Vivaldi-Cto-2-Vlns-RV-522-Viola.pdf","Vivaldi-Cto-RV-522 (Chamber Group ONLY)","Vivaldi-Cto-2-Vlns-RV-522-Viola.pdf"
"./2025-2-Spring/Vivaldi-Cto-RV-522 (Chamber Group ONLY)/Vivaldi-Cto-2-Vlns-VER-2-RV-522.pdf","Vivaldi-Cto-RV-522 (Chamber Group ONLY)","Vivaldi-Cto-2-Vlns-VER-2-RV-522.pdf"
"./2025-2-Spring/Vivaldi-Cto-RV-522 (Chamber Group ONLY)/SOURCE-MATERIALS/Vivaldi-Cto-2-Vlns-RV-522.mscz","SOURCE-MATERIALS","Vivaldi-Cto-2-Vlns-RV-522.mscz"
"./2023-3-Fall/1812 Overture/OLD-PARTS/Cello II-1812 Overture.pdf","OLD-PARTS","Cello II-1812 Overture.pdf"
"./2023-3-Fall/1812 Overture/OLD-PARTS/Cello I-1812 Overture.pdf","OLD-PARTS","Cello I-1812 Overture.pdf"
"./2023-3-Fall/1812 Overture/OLD-PARTS/Full Score-1812 Overture.pdf","OLD-PARTS","Full Score-1812 Overture.pdf"
"./2023-3-Fall/1812 Overture/OLD-PARTS/Viola--1812-Overture.pdf","OLD-PARTS","Viola--1812-Overture.pdf"
"./2023-3-Fall/1812 Overture/OLD-PARTS/Violin1--1812-Overture.pdf","OLD-PARTS","Violin1--1812-Overture.pdf"
"./2023-3-Fall/1812 Overture/OLD-PARTS/Violin3--1812-Overture.pdf","OLD-PARTS","Violin3--1812-Overture.pdf"
"./2023-3-Fall/1812 Overture/OLD-PARTS/1812 Overture-Full Score.mscz","OLD-PARTS","1812 Overture-Full Score.mscz"
"./2023-3-Fall/1812 Overture/1812-NEW-PARTS-10-29/1812-Tchaik-10-29-VIOLA.pdf","1812-NEW-PARTS-10-29","1812-Tchaik-10-29-VIOLA.pdf"
"./2023-3-Fall/1812 Overture/1812-NEW-PARTS-10-29/1812-Tchaik-10-29-CELLO-1.pdf","1812-NEW-PARTS-10-29","1812-Tchaik-10-29-CELLO-1.pdf"
"./2023-3-Fall/1812 Overture/1812-NEW-PARTS-10-29/1812-Tchaik-10-29-CELLO-2.pdf","1812-NEW-PARTS-10-29","1812-Tchaik-10-29-CELLO-2.pdf"
"./2023-3-Fall/1812 Overture/1812-NEW-PARTS-10-29/1812-Tchaik-10-29-SCORE.pdf","1812-NEW-PARTS-10-29","1812-Tchaik-10-29-SCORE.pdf"
"./2023-3-Fall/1812 Overture/1812-NEW-PARTS-10-29/1812-Tchaik-10-29-VIOLIN-2.pdf","1812-NEW-PARTS-10-29","1812-Tchaik-10-29-VIOLIN-2.pdf"
"./2023-3-Fall/1812 Overture/1812-NEW-PARTS-10-29/1812-Tchaik-10-29-VIOLIN-1.pdf","1812-NEW-PARTS-10-29","1812-Tchaik-10-29-VIOLIN-1.pdf"
"./2023-3-Fall/Mia & Sebastian_s Theme/Full Score Mia & Sebastian.pdf","Mia & Sebastian_s Theme","Full Score Mia & Sebastian.pdf"
"./2023-3-Fall/Mia & Sebastian_s Theme/Cello I Mia & Sebastian.pdf","Mia & Sebastian_s Theme","Cello I Mia & Sebastian.pdf"
"./2023-3-Fall/Mia & Sebastian_s Theme/Viola Mia & Sebastian.pdf","Mia & Sebastian_s Theme","Viola Mia & Sebastian.pdf"
"./2023-3-Fall/Mia & Sebastian_s Theme/mia_sebastian_s_theme_arrangement.mscz","Mia & Sebastian_s Theme","mia_sebastian_s_theme_arrangement.mscz"
"./2023-3-Fall/Mia & Sebastian_s Theme/Violin III Mia & Sebastian.pdf","Mia & Sebastian_s Theme","Violin III Mia & Sebastian.pdf"
"./2023-3-Fall/Mia & Sebastian_s Theme/Violin II Mia & Sebastian.pdf","Mia & Sebastian_s Theme","Violin II Mia & Sebastian.pdf"
"./2023-3-Fall/Mia & Sebastian_s Theme/Cello II Mia & Sebastian.pdf","Mia & Sebastian_s Theme","Cello II Mia & Sebastian.pdf"
"./2024-1-Winter/Habanera-Bizet/Carmen-Habanera-[ver-3]-Viola.pdf","Habanera-Bizet","Carmen-Habanera-[ver-3]-Viola.pdf"
"./2024-1-Winter/Habanera-Bizet/Carmen-Habanera-[ver-3]-Cello-1.pdf","Habanera-Bizet","Carmen-Habanera-[ver-3]-Cello-1.pdf"
"./2024-1-Winter/Habanera-Bizet/Carmen-Habanera-[ver-3]-Cello-2.pdf","Habanera-Bizet","Carmen-Habanera-[ver-3]-Cello-2.pdf"
"./2024-1-Winter/Habanera-Bizet/Carmen-Habanera-[ver-3]-Violin-1.pdf","Habanera-Bizet","Carmen-Habanera-[ver-3]-Violin-1.pdf"
"./2024-1-Winter/Habanera-Bizet/Carmen-Habanera-[ver-3]-Score.pdf","Habanera-Bizet","Carmen-Habanera-[ver-3]-Score.pdf"
"./2024-1-Winter/Brandenburg-3-Bach/Brandenburg-3-[ver-1]-CELLO.pdf","Brandenburg-3-Bach","Brandenburg-3-[ver-1]-CELLO.pdf"
"./2024-1-Winter/Brandenburg-3-Bach/Brandenburg-3-[ver-1]-SCORE.pdf","Brandenburg-3-Bach","Brandenburg-3-[ver-1]-SCORE.pdf"
"./2024-1-Winter/Brandenburg-3-Bach/Brandenburg-3-[ver-1]-VIOLIN-1.pdf","Brandenburg-3-Bach","Brandenburg-3-[ver-1]-VIOLIN-1.pdf"
"./2024-1-Winter/Brandenburg-3-Bach/ORIG-PARTS-&-XML-FILES/Brandenburg-3-Cello.pdf","ORIG-PARTS-&-XML-FILES","Brandenburg-3-Cello.pdf"
"./2024-1-Winter/Brandenburg-3-Bach/ORIG-PARTS-&-XML-FILES/Brandenburg-3-Bass.pdf","ORIG-PARTS-&-XML-FILES","Brandenburg-3-Bass.pdf"
"./2024-1-Winter/Brandenburg-3-Bach/ORIG-PARTS-&-XML-FILES/Brandenburg-3-Violin-2.pdf","ORIG-PARTS-&-XML-FILES","Brandenburg-3-Violin-2.pdf"
"./2024-1-Winter/Brandenburg-3-Bach/ORIG-PARTS-&-XML-FILES/Brandenburg-3-Violin-3.pdf","ORIG-PARTS-&-XML-FILES","Brandenburg-3-Violin-3.pdf"
"./2024-1-Winter/Brandenburg-3-Bach/ORIG-PARTS-&-XML-FILES/Brandenburg-3-Viola.pdf","ORIG-PARTS-&-XML-FILES","Brandenburg-3-Viola.pdf"
"./2024-1-Winter/Brandenburg-3-Bach/ORIG-PARTS-&-XML-FILES/Brandenburg-3-Violin-1.pdf","ORIG-PARTS-&-XML-FILES","Brandenburg-3-Violin-1.pdf"
"./2024-1-Winter/Brandenburg-3-Bach/Brandenburg-3-[ver-1]-VIOLA.pdf","Brandenburg-3-Bach","Brandenburg-3-[ver-1]-VIOLA.pdf"
"./2024-1-Winter/Brandenburg-3-Bach/Brandenburg-3-[ver-1]-PIANO.pdf","Brandenburg-3-Bach","Brandenburg-3-[ver-1]-PIANO.pdf"
"./2024-1-Winter/Wishing-Ffrench/Wishing-2024-02-15-SCORE.pdf","Wishing-Ffrench","Wishing-2024-02-15-SCORE.pdf"
"./2024-1-Winter/Wishing-Ffrench/Wishing-Solo-Piano.pdf","Wishing-Ffrench","Wishing-Solo-Piano.pdf"
"./2024-1-Winter/Wishing-Ffrench/Wishing-2024-02-15-Violoncello-2.pdf","Wishing-Ffrench","Wishing-2024-02-15-Violoncello-2.pdf"
"./2024-1-Winter/Wishing-Ffrench/Wishing-2024-02-15-Violin-1.pdf","Wishing-Ffrench","Wishing-2024-02-15-Violin-1.pdf"
"./2024-1-Winter/Wishing-Ffrench/OLD-PARTS/Wishing-Viola.pdf","OLD-PARTS","Wishing-Viola.pdf"
"./2024-1-Winter/Wishing-Ffrench/OLD-PARTS/Wishing-Cello-1.pdf","OLD-PARTS","Wishing-Cello-1.pdf"
"./2024-1-Winter/Wishing-Ffrench/OLD-PARTS/Wishing-Cello-2.pdf","OLD-PARTS","Wishing-Cello-2.pdf"
"./2024-1-Winter/Wishing-Ffrench/OLD-PARTS/Wishing-Score.pdf","OLD-PARTS","Wishing-Score.pdf"
"./2024-1-Winter/Wishing-Ffrench/OLD-PARTS/Alexis-Ffrench-Wishing-Strings.mscz","OLD-PARTS","Alexis-Ffrench-Wishing-Strings.mscz"
"./2024-1-Winter/Wishing-Ffrench/OLD-PARTS/Wishing-Violin-1.pdf","OLD-PARTS","Wishing-Violin-1.pdf"
"./2024-1-Winter/Wishing-Ffrench/Wishing-2024-02-15-Viola.pdf","Wishing-Ffrench","Wishing-2024-02-15-Viola.pdf"
"./2025-1-Winter/Vivaldi-Cto-RV-565 (Chamber Group ONLY)/Vivaldi-RV-565-Ver-1-Cello-Solo.pdf","Vivaldi-Cto-RV-565 (Chamber Group ONLY)","Vivaldi-RV-565-Ver-1-Cello-Solo.pdf"
"./2025-1-Winter/Vivaldi-Cto-RV-565 (Chamber Group ONLY)/Vivaldi-RV-565-Ver-1-Cello.pdf","Vivaldi-Cto-RV-565 (Chamber Group ONLY)","Vivaldi-RV-565-Ver-1-Cello.pdf"
"./2025-1-Winter/Vivaldi-Cto-RV-565 (Chamber Group ONLY)/Vivaldi-RV-565-Ver-1-Violin-1-Solo.pdf","Vivaldi-Cto-RV-565 (Chamber Group ONLY)","Vivaldi-RV-565-Ver-1-Violin-1-Solo.pdf"
"./2025-1-Winter/Vivaldi-Cto-RV-565 (Chamber Group ONLY)/Vivaldi-RV-565-Ver-1-Violin-1.pdf","Vivaldi-Cto-RV-565 (Chamber Group ONLY)","Vivaldi-RV-565-Ver-1-Violin-1.pdf"
"./2025-1-Winter/Vivaldi-Cto-RV-565 (Chamber Group ONLY)/Vivaldi-RV-565-Ver-1-Violin-2.pdf","Vivaldi-Cto-RV-565 (Chamber Group ONLY)","Vivaldi-RV-565-Ver-1-Violin-2.pdf"
"./2025-1-Winter/Vivaldi-Cto-RV-565 (Chamber Group ONLY)/Vivaldi-RV-565-Ver-1-Viola.pdf","Vivaldi-Cto-RV-565 (Chamber Group ONLY)","Vivaldi-RV-565-Ver-1-Viola.pdf"
"./2025-1-Winter/Vivaldi-Cto-RV-565 (Chamber Group ONLY)/Vivaldi-565-2024-12-26.mscz","Vivaldi-Cto-RV-565 (Chamber Group ONLY)","Vivaldi-565-2024-12-26.mscz"
"./2025-1-Winter/Vivaldi-Cto-RV-565 (Chamber Group ONLY)/Vivaldi-RV-565-Ver-1-Violin-2-Solo.pdf","Vivaldi-Cto-RV-565 (Chamber Group ONLY)","Vivaldi-RV-565-Ver-1-Violin-2-Solo.pdf"
"./2025-1-Winter/Jurassic-Park/Jurassic-Ver-1.pdf","Jurassic-Park","Jurassic-Ver-1.pdf"
"./2025-1-Winter/Jurassic-Park/Jurassic-Ver-1-Viola-1.pdf","Jurassic-Park","Jurassic-Ver-1-Viola-1.pdf"
"./2025-1-Winter/Jurassic-Park/Jurassic-Park-2024-12-26.mscz","Jurassic-Park","Jurassic-Park-2024-12-26.mscz"
"./2025-1-Winter/Jurassic-Park/Jurassic-Ver-1-Violin-2.pdf","Jurassic-Park","Jurassic-Ver-1-Violin-2.pdf"
"./2025-1-Winter/Jurassic-Park/Jurassic-Ver-1-Violin-3.pdf","Jurassic-Park","Jurassic-Ver-1-Violin-3.pdf"
"./2025-1-Winter/Jurassic-Park/Jurassic-Ver-1-Cello-1.pdf","Jurassic-Park","Jurassic-Ver-1-Cello-1.pdf"
"./2025-1-Winter/Jurassic-Park/Jurassic-Ver-1-Cello-2.pdf","Jurassic-Park","Jurassic-Ver-1-Cello-2.pdf"
"./2025-1-Winter/Queen-of-Night-Mozart/Mila_s Work/2025-04-02_math.pdf","Mila_s Work","2025-04-02_math.pdf"
"./2025-1-Winter/Queen-of-Night-Mozart/Queen-Night-Ver-1.pdf","Queen-of-Night-Mozart","Queen-Night-Ver-1.pdf"
"./2025-1-Winter/Queen-of-Night-Mozart/Queen-Night-2024-12-26.mscz","Queen-of-Night-Mozart","Queen-Night-2024-12-26.mscz"
"./2025-1-Winter/Queen-of-Night-Mozart/Queen-Night-Ver-1-Violin-3.pdf","Queen-of-Night-Mozart","Queen-Night-Ver-1-Violin-3.pdf"
"./2025-1-Winter/Queen-of-Night-Mozart/Queen-Night-Ver-1-Violin-2.pdf","Queen-of-Night-Mozart","Queen-Night-Ver-1-Violin-2.pdf"
"./2025-1-Winter/Queen-of-Night-Mozart/Queen-Night-Ver-1-Viola-2.pdf","Queen-of-Night-Mozart","Queen-Night-Ver-1-Viola-2.pdf"
"./2025-1-Winter/Queen-of-Night-Mozart/Queen-Night-Ver-1-Violin-1.pdf","Queen-of-Night-Mozart","Queen-Night-Ver-1-Violin-1.pdf"
"./2025-1-Winter/Queen-of-Night-Mozart/Queen-Night-Ver-1-Viola-1.pdf","Queen-of-Night-Mozart","Queen-Night-Ver-1-Viola-1.pdf"
"./2025-1-Winter/Queen-of-Night-Mozart/Queen-Night-Ver-1-Cello-2.pdf","Queen-of-Night-Mozart","Queen-Night-Ver-1-Cello-2.pdf"
"./2025-1-Winter/Queen-of-Night-Mozart/Queen-Night-Ver-1-Cello-1.pdf","Queen-of-Night-Mozart","Queen-Night-Ver-1-Cello-1.pdf"
"./2026-2-Spring/OMEGA_ 2026 Spring SRYSO/BRANDENBURG-SEATING-2026/BRANDENBURG-3-MVT-3-SPRING-SEATING.pdf","BRANDENBURG-SEATING-2026","BRANDENBURG-3-MVT-3-SPRING-SEATING.pdf"
"./2026-2-Spring/OMEGA_ 2026 Spring SRYSO/Tchaikovsky-Andante/Tchai-Andante-Full-Score.pdf","Tchaikovsky-Andante","Tchai-Andante-Full-Score.pdf"
"./2026-2-Spring/OMEGA_ 2026 Spring SRYSO/Tchaikovsky-Andante/Tchai-Andante-Violin-2.pdf","Tchaikovsky-Andante","Tchai-Andante-Violin-2.pdf"
"./2026-2-Spring/OMEGA_ 2026 Spring SRYSO/Tchaikovsky-Andante/Tchai-Andante-Violin-1.pdf","Tchaikovsky-Andante","Tchai-Andante-Violin-1.pdf"
"./2026-2-Spring/OMEGA_ 2026 Spring SRYSO/Tchaikovsky-Andante/Tchai-Andante-Bass-(Cello-2).pdf","Tchaikovsky-Andante","Tchai-Andante-Bass-(Cello-2).pdf"
"./2026-2-Spring/OMEGA_ 2026 Spring SRYSO/Tchaikovsky-Andante/Tchai-Andante-Viola.pdf","Tchaikovsky-Andante","Tchai-Andante-Viola.pdf"
"./2026-2-Spring/OMEGA_ 2026 Spring SRYSO/Tchaikovsky-Andante/Tchai-Andante-Cello.pdf","Tchaikovsky-Andante","Tchai-Andante-Cello.pdf"
"./2026-2-Spring/OMEGA_ 2026 Spring SRYSO/OMEGA-SEATING-SPRING-2026/OMEGA-2026-SPRING-VER-2.pdf","OMEGA-SEATING-SPRING-2026","OMEGA-2026-SPRING-VER-2.pdf"
"./2026-2-Spring/OMEGA_ 2026 Spring SRYSO/Brandenburg-3-Mvt-3/Brandenburg-3-Mvt-3-Rev-5-Violin-1.pdf","Brandenburg-3-Mvt-3","Brandenburg-3-Mvt-3-Rev-5-Violin-1.pdf"
"./2026-2-Spring/OMEGA_ 2026 Spring SRYSO/Brandenburg-3-Mvt-3/Brandenburg-3-Mvt-3-Rev-5-Cello.pdf","Brandenburg-3-Mvt-3","Brandenburg-3-Mvt-3-Rev-5-Cello.pdf"
"./2026-2-Spring/OMEGA_ 2026 Spring SRYSO/Brandenburg-3-Mvt-3/Brandenburg-3-Mvt-3-Rev-5-Violin-2.pdf","Brandenburg-3-Mvt-3","Brandenburg-3-Mvt-3-Rev-5-Violin-2.pdf"
"./2026-2-Spring/OMEGA_ 2026 Spring SRYSO/Brandenburg-3-Mvt-3/Brandenburg-3-Mvt-3-Rev-5-SCORE.pdf","Brandenburg-3-Mvt-3","Brandenburg-3-Mvt-3-Rev-5-SCORE.pdf"
"./2026-2-Spring/OMEGA_ 2026 Spring SRYSO/Brandenburg-3-Mvt-3/Brandenburg-3-Mvt-3-Rev-6-Viola-1.pdf","Brandenburg-3-Mvt-3","Brandenburg-3-Mvt-3-Rev-6-Viola-1.pdf"
"./2026-2-Spring/OMEGA_ 2026 Spring SRYSO/Brandenburg-3-Mvt-3/Brandenburg-3-Mvt-3-Rev-5-Viola-1.pdf","Brandenburg-3-Mvt-3","Brandenburg-3-Mvt-3-Rev-5-Viola-1.pdf"
"./2026-2-Spring/OMEGA_ 2026 Spring SRYSO/Brandenburg-3-Mvt-3/IMSLP-JUNK--IGNORE/Brandenburg-3-Mvt-3-SCORE.pdf","IMSLP-JUNK--IGNORE","Brandenburg-3-Mvt-3-SCORE.pdf"
"./2026-2-Spring/OMEGA_ 2026 Spring SRYSO/Brandenburg-3-Mvt-3/IMSLP-JUNK--IGNORE/VER-3/Brandenburg-3-Mvt-3-Allegro-VC-1.pdf","VER-3","Brandenburg-3-Mvt-3-Allegro-VC-1.pdf"
"./2026-2-Spring/OMEGA_ 2026 Spring SRYSO/Brandenburg-3-Mvt-3/IMSLP-JUNK--IGNORE/VER-3/Brandenburg-3-Mvt-3-Allegro-VC-2.pdf","VER-3","Brandenburg-3-Mvt-3-Allegro-VC-2.pdf"
"./2026-2-Spring/OMEGA_ 2026 Spring SRYSO/Brandenburg-3-Mvt-3/IMSLP-JUNK--IGNORE/VER-3/Brandenburg-3-Mvt-3-Allegro-VN-1.pdf","VER-3","Brandenburg-3-Mvt-3-Allegro-VN-1.pdf"
"./2026-2-Spring/OMEGA_ 2026 Spring SRYSO/Brandenburg-3-Mvt-3/IMSLP-JUNK--IGNORE/VER-3/Brandenburg-3-Mvt-3-Allegro-VLA-1.pdf","VER-3","Brandenburg-3-Mvt-3-Allegro-VLA-1.pdf"
"./2026-2-Spring/OMEGA_ 2026 Spring SRYSO/Brandenburg-3-Mvt-3/IMSLP-JUNK--IGNORE/VER-3/Brandenburg-3-Mvt-3-Allegro-VN-3.pdf","VER-3","Brandenburg-3-Mvt-3-Allegro-VN-3.pdf"
"./2026-2-Spring/OMEGA_ 2026 Spring SRYSO/Brandenburg-3-Mvt-3/IMSLP-JUNK--IGNORE/VER-3/Brandenburg-3-Mvt-3-Allegro-VN-2.pdf","VER-3","Brandenburg-3-Mvt-3-Allegro-VN-2.pdf"
"./2026-2-Spring/OMEGA_ 2026 Spring SRYSO/Brandenburg-3-Mvt-3/IMSLP-JUNK--IGNORE/VER-3/Brandenburg-3-Mvt-3-Allegro-VLA-2.pdf","VER-3","Brandenburg-3-Mvt-3-Allegro-VLA-2.pdf"
"./2026-2-Spring/OMEGA_ 2026 Spring SRYSO/Brandenburg-3-Mvt-3/IMSLP-JUNK--IGNORE/VER-3/Brandenburg-3-Mvt-3-Allegro-SCORE.pdf","VER-3","Brandenburg-3-Mvt-3-Allegro-SCORE.pdf"
"./2026-2-Spring/OMEGA_ 2026 Spring SRYSO/Brandenburg-3-Mvt-3/IMSLP-JUNK--IGNORE/VER-4/Brandenburg-3-Mvt-3-Rev-4-Violin-1.pdf","VER-4","Brandenburg-3-Mvt-3-Rev-4-Violin-1.pdf"
"./2026-2-Spring/OMEGA_ 2026 Spring SRYSO/Brandenburg-3-Mvt-3/IMSLP-JUNK--IGNORE/VER-4/Brandenburg-3-Mvt-3-Rev-4-Violin-3.pdf","VER-4","Brandenburg-3-Mvt-3-Rev-4-Violin-3.pdf"
"./2026-2-Spring/OMEGA_ 2026 Spring SRYSO/Brandenburg-3-Mvt-3/IMSLP-JUNK--IGNORE/VER-4/Brandenburg-3-Mvt-3-Rev-4-Violin-2.pdf","VER-4","Brandenburg-3-Mvt-3-Rev-4-Violin-2.pdf"
"./2026-2-Spring/OMEGA_ 2026 Spring SRYSO/Brandenburg-3-Mvt-3/IMSLP-JUNK--IGNORE/VER-4/Brandenburg-3-Mvt-3-Rev-4-SCORE.pdf","VER-4","Brandenburg-3-Mvt-3-Rev-4-SCORE.pdf"
"./2026-2-Spring/OMEGA_ 2026 Spring SRYSO/Brandenburg-3-Mvt-3/IMSLP-JUNK--IGNORE/VER-4/Brandenburg-3-Mvt-3-Rev-4-Viola-2.pdf","VER-4","Brandenburg-3-Mvt-3-Rev-4-Viola-2.pdf"
"./2026-2-Spring/OMEGA_ 2026 Spring SRYSO/Brandenburg-3-Mvt-3/IMSLP-JUNK--IGNORE/VER-4/Brandenburg-3-Mvt-3-Rev-4-Cello.pdf","VER-4","Brandenburg-3-Mvt-3-Rev-4-Cello.pdf"
"./2026-2-Spring/OMEGA_ 2026 Spring SRYSO/Brandenburg-3-Mvt-3/IMSLP-JUNK--IGNORE/VER-4/Brandenburg-3-Mvt-3-Rev-4-Viola-1.pdf","VER-4","Brandenburg-3-Mvt-3-Rev-4-Viola-1.pdf"
"./2026-2-Spring/OMEGA_ 2026 Spring SRYSO/Brandenburg-3-Mvt-3/IMSLP-JUNK--IGNORE/VER-4/Brandenburg-3-Mvt-3-Rev-4-Viola-3-NIKHIL.pdf","VER-4","Brandenburg-3-Mvt-3-Rev-4-Viola-3-NIKHIL.pdf"
"./2026-2-Spring/OMEGA_ 2026 Spring SRYSO/Brandenburg-3-Mvt-3/IMSLP-JUNK--IGNORE/VER-4/Brandenburg-3-Mvt-3-Rev-4.mscz","VER-4","Brandenburg-3-Mvt-3-Rev-4.mscz"
"./2026-2-Spring/OMEGA_ 2026 Spring SRYSO/Brandenburg-3-Mvt-3/Brandenburg-3-Mvt-3-Rev-5-Viola-2.pdf","Brandenburg-3-Mvt-3","Brandenburg-3-Mvt-3-Rev-5-Viola-2.pdf"
"./2026-2-Spring/OMEGA_ 2026 Spring SRYSO/Brandenburg-3-Mvt-3/Brandenburg-3-Mvt-3-Rev-5-Viola-3.pdf","Brandenburg-3-Mvt-3","Brandenburg-3-Mvt-3-Rev-5-Viola-3.pdf"
"./2026-2-Spring/OMEGA_ 2026 Spring SRYSO/Brandenburg-3-Mvt-3/Brandenburg-3-Mvt-3-Rev-5.mscz","Brandenburg-3-Mvt-3","Brandenburg-3-Mvt-3-Rev-5.mscz"
"./2026-2-Spring/OMEGA_ 2026 Spring SRYSO/Kikis-Delivery-Service/Hisaishi-Kiki-VER-2-Violin-1.pdf","Kikis-Delivery-Service","Hisaishi-Kiki-VER-2-Violin-1.pdf"
"./2026-2-Spring/OMEGA_ 2026 Spring SRYSO/Kikis-Delivery-Service/Hisaishi-Kiki-VER-2-Viola.pdf","Kikis-Delivery-Service","Hisaishi-Kiki-VER-2-Viola.pdf"
"./2026-2-Spring/OMEGA_ 2026 Spring SRYSO/Kikis-Delivery-Service/Hisaishi-Kiki-VER-2-Violin-2.pdf","Kikis-Delivery-Service","Hisaishi-Kiki-VER-2-Violin-2.pdf"
"./2026-2-Spring/OMEGA_ 2026 Spring SRYSO/Kikis-Delivery-Service/VERSION-1--IGNORE/Hisaishi-Kiki-VER-1.mscz","VERSION-1--IGNORE","Hisaishi-Kiki-VER-1.mscz"
"./2026-2-Spring/OMEGA_ 2026 Spring SRYSO/Kikis-Delivery-Service/VERSION-1--IGNORE/Hisaishi-Kiki-VER-1-Cello.pdf","VERSION-1--IGNORE","Hisaishi-Kiki-VER-1-Cello.pdf"
"./2026-2-Spring/OMEGA_ 2026 Spring SRYSO/Kikis-Delivery-Service/VERSION-1--IGNORE/Hisaishi-Kiki-VER-1-Violin-1.pdf","VERSION-1--IGNORE","Hisaishi-Kiki-VER-1-Violin-1.pdf"
"./2026-2-Spring/OMEGA_ 2026 Spring SRYSO/Kikis-Delivery-Service/VERSION-1--IGNORE/Hisaishi-Kiki-VER-1-Violin-2.pdf","VERSION-1--IGNORE","Hisaishi-Kiki-VER-1-Violin-2.pdf"
"./2026-2-Spring/OMEGA_ 2026 Spring SRYSO/Kikis-Delivery-Service/VERSION-1--IGNORE/Hisaishi-Kiki-VER-1-Viola.pdf","VERSION-1--IGNORE","Hisaishi-Kiki-VER-1-Viola.pdf"
"./2026-2-Spring/OMEGA_ 2026 Spring SRYSO/Kikis-Delivery-Service/PREP-VERSIONS-IGNORE/Hisaishi-Kiki-ISAAC-EDITS-2.mscz","PREP-VERSIONS-IGNORE","Hisaishi-Kiki-ISAAC-EDITS-2.mscz"
"./2026-2-Spring/OMEGA_ 2026 Spring SRYSO/Kikis-Delivery-Service/PREP-VERSIONS-IGNORE/Hisaishi-Kiki-ISAAC-EDITS.mscz","PREP-VERSIONS-IGNORE","Hisaishi-Kiki-ISAAC-EDITS.mscz"
"./2026-2-Spring/OMEGA_ 2026 Spring SRYSO/Kikis-Delivery-Service/Hisaishi-Kiki-VER-2-Cello.pdf","Kikis-Delivery-Service","Hisaishi-Kiki-VER-2-Cello.pdf"
"./2026-2-Spring/OMEGA_ 2026 Spring SRYSO/Kikis-Delivery-Service/Hisaishi-Kiki-VER-2-SCORE.pdf","Kikis-Delivery-Service","Hisaishi-Kiki-VER-2-SCORE.pdf"
"./2026-2-Spring/ALPHA_ 2026 Spring SRYSO/Interstellar/Interstellar-Cello-2.pdf","Interstellar","Interstellar-Cello-2.pdf"
"./2026-2-Spring/ALPHA_ 2026 Spring SRYSO/Interstellar/Interstellar-Violin-1.pdf","Interstellar","Interstellar-Violin-1.pdf"
"./2026-2-Spring/ALPHA_ 2026 Spring SRYSO/Interstellar/Interstellar-FULL-SCORE.pdf","Interstellar","Interstellar-FULL-SCORE.pdf"
"./2026-2-Spring/ALPHA_ 2026 Spring SRYSO/Interstellar/Interstellar-Cello-1.pdf","Interstellar","Interstellar-Cello-1.pdf"
"./2026-2-Spring/ALPHA_ 2026 Spring SRYSO/Interstellar/Interstellar-Violin-2.pdf","Interstellar","Interstellar-Violin-2.pdf"
"./2026-2-Spring/ALPHA_ 2026 Spring SRYSO/Interstellar/Interstellar-Vibraphone-1.pdf","Interstellar","Interstellar-Vibraphone-1.pdf"
"./2026-2-Spring/ALPHA_ 2026 Spring SRYSO/Interstellar/Interstellar-Viola.pdf","Interstellar","Interstellar-Viola.pdf"
"./2026-2-Spring/ALPHA_ 2026 Spring SRYSO/Interstellar/Interstellar-Vibraphone-2.pdf","Interstellar","Interstellar-Vibraphone-2.pdf"
"./2026-2-Spring/ALPHA_ 2026 Spring SRYSO/Star-Wars-Main-Theme/Star-Wars-Ver-3.mscz","Star-Wars-Main-Theme","Star-Wars-Ver-3.mscz"
"./2026-2-Spring/ALPHA_ 2026 Spring SRYSO/Star-Wars-Main-Theme/Star-Wars-Ver-3-SCORE.pdf","Star-Wars-Main-Theme","Star-Wars-Ver-3-SCORE.pdf"
"./2026-2-Spring/ALPHA_ 2026 Spring SRYSO/Star-Wars-Main-Theme/Star-Wars-Ver-3-Viola.pdf","Star-Wars-Main-Theme","Star-Wars-Ver-3-Viola.pdf"
"./2026-2-Spring/ALPHA_ 2026 Spring SRYSO/Star-Wars-Main-Theme/Star-Wars-Ver-3-Cello-1.pdf","Star-Wars-Main-Theme","Star-Wars-Ver-3-Cello-1.pdf"
"./2026-2-Spring/ALPHA_ 2026 Spring SRYSO/Star-Wars-Main-Theme/Star-Wars-Ver-3-Violin-2.pdf","Star-Wars-Main-Theme","Star-Wars-Ver-3-Violin-2.pdf"
"./2026-2-Spring/ALPHA_ 2026 Spring SRYSO/Star-Wars-Main-Theme/Star-Wars-Ver-3-Cello-2.pdf","Star-Wars-Main-Theme","Star-Wars-Ver-3-Cello-2.pdf"
"./2026-2-Spring/ALPHA_ 2026 Spring SRYSO/ALPHA-SEATING-SPRING-2026/ALPHA-2026-SPRING-VER-6.pdf","ALPHA-SEATING-SPRING-2026","ALPHA-2026-SPRING-VER-6.pdf"
"./2026-2-Spring/ALPHA_ 2026 Spring SRYSO/ALPHA-SEATING-SPRING-2026/OLD-IGNORE/ALPHA-2026-SPRING-VER-3.pdf","OLD-IGNORE","ALPHA-2026-SPRING-VER-3.pdf"
"./2026-2-Spring/ALPHA_ 2026 Spring SRYSO/ALPHA-SEATING-SPRING-2026/OLD-IGNORE/ALPHA-2026-SPRING.pdf","OLD-IGNORE","ALPHA-2026-SPRING.pdf"
"./2026-2-Spring/ALPHA_ 2026 Spring SRYSO/Eine-Kleine-Nachtmusik/Eine-Kleine-REV-5.mscz","Eine-Kleine-Nachtmusik","Eine-Kleine-REV-5.mscz"
"./2026-2-Spring/ALPHA_ 2026 Spring SRYSO/Eine-Kleine-Nachtmusik/Eine-Kleine-REV-4-Viola.pdf","Eine-Kleine-Nachtmusik","Eine-Kleine-REV-4-Viola.pdf"
"./2026-2-Spring/ALPHA_ 2026 Spring SRYSO/Eine-Kleine-Nachtmusik/Eine-Kleine-REV-4-Violin-1.pdf","Eine-Kleine-Nachtmusik","Eine-Kleine-REV-4-Violin-1.pdf"
"./2026-2-Spring/ALPHA_ 2026 Spring SRYSO/Eine-Kleine-Nachtmusik/Eine-Kleine-REV-5-Cello-2.pdf","Eine-Kleine-Nachtmusik","Eine-Kleine-REV-5-Cello-2.pdf"
"./2026-2-Spring/ALPHA_ 2026 Spring SRYSO/Eine-Kleine-Nachtmusik/Eine-Kleine-REV-5-Cello-1.pdf","Eine-Kleine-Nachtmusik","Eine-Kleine-REV-5-Cello-1.pdf"
"./2026-2-Spring/ALPHA_ 2026 Spring SRYSO/Eine-Kleine-Nachtmusik/Eine-Kleine-REV-5-SCORE.pdf","Eine-Kleine-Nachtmusik","Eine-Kleine-REV-5-SCORE.pdf"
"./MUSESCORE-MSCZ-FILES/2025-SPRING/JAMES-ORIG/Game-Thrones-JAMES-ORIG.mscz","JAMES-ORIG","Game-Thrones-JAMES-ORIG.mscz"
"./MUSESCORE-MSCZ-FILES/2025-SPRING/JAMES-ORIG/William-Tell-Overture-SRYSO.mscz","JAMES-ORIG","William-Tell-Overture-SRYSO.mscz"
"./MUSESCORE-MSCZ-FILES/2025-SPRING/JAMES-ORIG/Symphony No. 3_SRYSO.mscz","JAMES-ORIG","Symphony No. 3_SRYSO.mscz"
"./MUSESCORE-MSCZ-FILES/2025-SPRING/symphony_3_2ndmov_Saint-Saens_Fullscore_WITH_CUT.mscz","2025-SPRING","symphony_3_2ndmov_Saint-Saens_Fullscore_WITH_CUT.mscz"
"./MUSESCORE-MSCZ-FILES/2025-SPRING/ISAAC-REWRITES/Saint-Saens-3-Mov-2-VER-1.mscz","ISAAC-REWRITES","Saint-Saens-3-Mov-2-VER-1.mscz"
"./MUSESCORE-MSCZ-FILES/2025-SPRING/ISAAC-REWRITES/William-Tell-VER-1.mscz","ISAAC-REWRITES","William-Tell-VER-1.mscz"
"./MUSESCORE-MSCZ-FILES/2025-WINTER/Score-Originals-James/Winter 2025_ James_Originals/Tannhauser-Overture-SRYSO-James.mscz","Winter 2025_ James_Originals","Tannhauser-Overture-SRYSO-James.mscz"
"./MUSESCORE-MSCZ-FILES/2025-WINTER/Score-Originals-James/Winter 2025_ James_Originals/Jurassic-Park-SRYSO-James.mscz","Winter 2025_ James_Originals","Jurassic-Park-SRYSO-James.mscz"
"./2025-3-Fall/OMEGA_ 2025 Fall SRYSO/The Crown/The Crown - Cello.pdf","The Crown","The Crown - Cello.pdf"
"./2025-3-Fall/OMEGA_ 2025 Fall SRYSO/The Crown/The Crown - Viola.pdf","The Crown","The Crown - Viola.pdf"
"./2025-3-Fall/OMEGA_ 2025 Fall SRYSO/The Crown/The Crown - Conductor Score (Full Score).pdf","The Crown","The Crown - Conductor Score (Full Score).pdf"
"./2025-3-Fall/OMEGA_ 2025 Fall SRYSO/The Crown/The Crown - Violin 2.pdf","The Crown","The Crown - Violin 2.pdf"
"./2025-3-Fall/OMEGA_ 2025 Fall SRYSO/Eroica/Eroica - Viola.pdf","Eroica","Eroica - Viola.pdf"
"./2025-3-Fall/OMEGA_ 2025 Fall SRYSO/Eroica/Eroica - Cello.pdf","Eroica","Eroica - Cello.pdf"
"./2025-3-Fall/OMEGA_ 2025 Fall SRYSO/Eroica/Eroica - Full Score.pdf","Eroica","Eroica - Full Score.pdf"
"./2025-3-Fall/OMEGA_ 2025 Fall SRYSO/Dvorak-Serenade-Waltz/Dvorak-Serenade-Waltz-VIOLA.pdf","Dvorak-Serenade-Waltz","Dvorak-Serenade-Waltz-VIOLA.pdf"
"./2025-3-Fall/OMEGA_ 2025 Fall SRYSO/Dvorak-Serenade-Waltz/Dvorak-Serenade-Waltz-SCORE.pdf","Dvorak-Serenade-Waltz","Dvorak-Serenade-Waltz-SCORE.pdf"
"./2025-3-Fall/OMEGA_ 2025 Fall SRYSO/Dvorak-Serenade-Waltz/Dvorak-Serenade-Waltz-CELLO.pdf","Dvorak-Serenade-Waltz","Dvorak-Serenade-Waltz-CELLO.pdf"
"./2025-3-Fall/OMEGA_ 2025 Fall SRYSO/Dvorak-Serenade-Waltz/Dvorak-Serenade-Waltz-VIOLIN-2.pdf","Dvorak-Serenade-Waltz","Dvorak-Serenade-Waltz-VIOLIN-2.pdf"
"./2025-3-Fall/OMEGA_ 2025 Fall SRYSO/Dvorak-Serenade-Waltz/Dvorak-Serenade-Waltz-VIOLIN-1.pdf","Dvorak-Serenade-Waltz","Dvorak-Serenade-Waltz-VIOLIN-1.pdf"
"./2025-3-Fall/OMEGA_ 2025 Fall SRYSO/Holberg-Suite-Prelude/Holberg-Suite-Prelude-VIOLIN-1.pdf","Holberg-Suite-Prelude","Holberg-Suite-Prelude-VIOLIN-1.pdf"
"./2025-3-Fall/OMEGA_ 2025 Fall SRYSO/Holberg-Suite-Prelude/Holberg-Suite-Prelude-CELLO.pdf","Holberg-Suite-Prelude","Holberg-Suite-Prelude-CELLO.pdf"
"./2025-3-Fall/OMEGA_ 2025 Fall SRYSO/Holberg-Suite-Prelude/Holberg-Suite-Prelude-VIOLIN-2.pdf","Holberg-Suite-Prelude","Holberg-Suite-Prelude-VIOLIN-2.pdf"
"./2025-3-Fall/OMEGA_ 2025 Fall SRYSO/Jingle Bells/Cellos - Jingle Bells - SRYSO.pdf","Jingle Bells","Cellos - Jingle Bells - SRYSO.pdf"
"./2025-3-Fall/OMEGA_ 2025 Fall SRYSO/Jingle Bells/Violins_1 - Jingle Bells - SRYSO.pdf","Jingle Bells","Violins_1 - Jingle Bells - SRYSO.pdf"
"./2025-3-Fall/OMEGA_ 2025 Fall SRYSO/Jingle Bells/Violins_2 - Jingle Bells - SRYSO.pdf","Jingle Bells","Violins_2 - Jingle Bells - SRYSO.pdf"
"./2025-3-Fall/OMEGA_ 2025 Fall SRYSO/Jingle Bells/Violas - Jingle Bells - SRYSO.pdf","Jingle Bells","Violas - Jingle Bells - SRYSO.pdf"
"./2025-3-Fall/ALPHA_ 2025 Fall SRYSO/1812 Overture/OLD-PARTS/Cello II-1812 Overture.pdf","OLD-PARTS","Cello II-1812 Overture.pdf"
"./2025-3-Fall/ALPHA_ 2025 Fall SRYSO/1812 Overture/OLD-PARTS/Violin2--1812-Overture.pdf","OLD-PARTS","Violin2--1812-Overture.pdf"
"./2025-3-Fall/ALPHA_ 2025 Fall SRYSO/1812 Overture/OLD-PARTS/Full Score-1812 Overture.pdf","OLD-PARTS","Full Score-1812 Overture.pdf"
"./2025-3-Fall/ALPHA_ 2025 Fall SRYSO/1812 Overture/OLD-PARTS/Viola--1812-Overture.pdf","OLD-PARTS","Viola--1812-Overture.pdf"
"./2025-3-Fall/ALPHA_ 2025 Fall SRYSO/1812 Overture/OLD-PARTS/Violin1--1812-Overture.pdf","OLD-PARTS","Violin1--1812-Overture.pdf"
"./2025-3-Fall/ALPHA_ 2025 Fall SRYSO/1812 Overture/OLD-PARTS/Violin3--1812-Overture.pdf","OLD-PARTS","Violin3--1812-Overture.pdf"
"./2025-3-Fall/ALPHA_ 2025 Fall SRYSO/1812 Overture/OLD-PARTS/1812 Overture-Full Score.mscz","OLD-PARTS","1812 Overture-Full Score.mscz"
"./2025-3-Fall/ALPHA_ 2025 Fall SRYSO/1812 Overture/1812-NEW-PARTS-10-29/1812-Tchaik-10-29-CELLO-1.pdf","1812-NEW-PARTS-10-29","1812-Tchaik-10-29-CELLO-1.pdf"
"./2025-3-Fall/ALPHA_ 2025 Fall SRYSO/1812 Overture/1812-NEW-PARTS-10-29/1812-Tchaik-10-29-CELLO-2.pdf","1812-NEW-PARTS-10-29","1812-Tchaik-10-29-CELLO-2.pdf"
"./2025-3-Fall/ALPHA_ 2025 Fall SRYSO/1812 Overture/1812-NEW-PARTS-10-29/1812-Tchaik-10-29-VIOLIN-3.pdf","1812-NEW-PARTS-10-29","1812-Tchaik-10-29-VIOLIN-3.pdf"
"./2025-3-Fall/ALPHA_ 2025 Fall SRYSO/1812 Overture/1812-NEW-PARTS-10-29/1812-Tchaik-10-29-SCORE.pdf","1812-NEW-PARTS-10-29","1812-Tchaik-10-29-SCORE.pdf"
"./2025-3-Fall/ALPHA_ 2025 Fall SRYSO/1812 Overture/1812-NEW-PARTS-10-29/1812-Tchaik-10-29-VIOLIN-1.pdf","1812-NEW-PARTS-10-29","1812-Tchaik-10-29-VIOLIN-1.pdf"
"./2025-3-Fall/ALPHA_ 2025 Fall SRYSO/Mia & Sebastian_s Theme/Cello I Mia & Sebastian.pdf","Mia & Sebastian_s Theme","Cello I Mia & Sebastian.pdf"
"./2025-3-Fall/ALPHA_ 2025 Fall SRYSO/Mia & Sebastian_s Theme/Viola Mia & Sebastian.pdf","Mia & Sebastian_s Theme","Viola Mia & Sebastian.pdf"
"./2025-3-Fall/ALPHA_ 2025 Fall SRYSO/Mia & Sebastian_s Theme/mia_sebastian_s_theme_arrangement.mscz","Mia & Sebastian_s Theme","mia_sebastian_s_theme_arrangement.mscz"
"./2025-3-Fall/ALPHA_ 2025 Fall SRYSO/Mia & Sebastian_s Theme/Violin III Mia & Sebastian.pdf","Mia & Sebastian_s Theme","Violin III Mia & Sebastian.pdf"
"./2025-3-Fall/ALPHA_ 2025 Fall SRYSO/Mia & Sebastian_s Theme/Violin II Mia & Sebastian.pdf","Mia & Sebastian_s Theme","Violin II Mia & Sebastian.pdf"
"./2025-3-Fall/ALPHA_ 2025 Fall SRYSO/Mia & Sebastian_s Theme/Violin I Mia & Sebastian.pdf","Mia & Sebastian_s Theme","Violin I Mia & Sebastian.pdf"
"./2025-3-Fall/ALPHA_ 2025 Fall SRYSO/Brandenburg-3-Bach/Brandenburg-3-[ver-1]-CELLO.pdf","Brandenburg-3-Bach","Brandenburg-3-[ver-1]-CELLO.pdf"
"./2025-3-Fall/ALPHA_ 2025 Fall SRYSO/Brandenburg-3-Bach/Brandenburg-3-[ver-1]-SCORE.pdf","Brandenburg-3-Bach","Brandenburg-3-[ver-1]-SCORE.pdf"
"./2025-3-Fall/ALPHA_ 2025 Fall SRYSO/Brandenburg-3-Bach/Brandenburg-3-[ver-1]-VIOLIN-2.pdf","Brandenburg-3-Bach","Brandenburg-3-[ver-1]-VIOLIN-2.pdf"
"./2025-3-Fall/ALPHA_ 2025 Fall SRYSO/Brandenburg-3-Bach/Brandenburg-3-[ver-1]-VIOLIN-1.pdf","Brandenburg-3-Bach","Brandenburg-3-[ver-1]-VIOLIN-1.pdf"
"./2025-3-Fall/ALPHA_ 2025 Fall SRYSO/Brandenburg-3-Bach/ORIG-PARTS-&-XML-FILES/Brandenburg-3-Cello.pdf","ORIG-PARTS-&-XML-FILES","Brandenburg-3-Cello.pdf"
"./2025-3-Fall/ALPHA_ 2025 Fall SRYSO/Brandenburg-3-Bach/ORIG-PARTS-&-XML-FILES/Brandenburg-3-Bass.pdf","ORIG-PARTS-&-XML-FILES","Brandenburg-3-Bass.pdf"
"./2025-3-Fall/ALPHA_ 2025 Fall SRYSO/Brandenburg-3-Bach/ORIG-PARTS-&-XML-FILES/Brandenburg-3-Violin-2.pdf","ORIG-PARTS-&-XML-FILES","Brandenburg-3-Violin-2.pdf"
"./2025-3-Fall/ALPHA_ 2025 Fall SRYSO/Brandenburg-3-Bach/ORIG-PARTS-&-XML-FILES/Brandenburg-3-Violin-3.pdf","ORIG-PARTS-&-XML-FILES","Brandenburg-3-Violin-3.pdf"
"./2025-3-Fall/ALPHA_ 2025 Fall SRYSO/Brandenburg-3-Bach/ORIG-PARTS-&-XML-FILES/Brandenburg-3-Violin-1.pdf","ORIG-PARTS-&-XML-FILES","Brandenburg-3-Violin-1.pdf"
"./2025-3-Fall/ALPHA_ 2025 Fall SRYSO/Brandenburg-3-Bach/Brandenburg-3-[ver-1]-VIOLA.pdf","Brandenburg-3-Bach","Brandenburg-3-[ver-1]-VIOLA.pdf"
"./2025-3-Fall/ALPHA_ 2025 Fall SRYSO/Brandenburg-3-Bach/Brandenburg-3-[ver-1]-PIANO.pdf","Brandenburg-3-Bach","Brandenburg-3-[ver-1]-PIANO.pdf"
"./2025-3-Fall/PRE-ORCHESTRA_ 2025 Fall SRYSO/Judas-Maccabaeus/Chorus-Judas-Maccabaeus-VIOLIN-1.pdf","Judas-Maccabaeus","Chorus-Judas-Maccabaeus-VIOLIN-1.pdf"
"./2025-3-Fall/PRE-ORCHESTRA_ 2025 Fall SRYSO/Judas-Maccabaeus/Chorus-Judas-Maccabaeus-VIOLIN-2.pdf","Judas-Maccabaeus","Chorus-Judas-Maccabaeus-VIOLIN-2.pdf"
"./2025-3-Fall/PRE-ORCHESTRA_ 2025 Fall SRYSO/Judas-Maccabaeus/Chorus-Judas-Maccabaeus-SCORE.pdf","Judas-Maccabaeus","Chorus-Judas-Maccabaeus-SCORE.pdf"
"./2025-3-Fall/PRE-ORCHESTRA_ 2025 Fall SRYSO/Musette/Musette-SCORE.pdf","Musette","Musette-SCORE.pdf"
"./2025-3-Fall/PRE-ORCHESTRA_ 2025 Fall SRYSO/Musette/Musette-VIOLIN-2.pdf","Musette","Musette-VIOLIN-2.pdf"
"./2025-3-Fall/PRE-ORCHESTRA_ 2025 Fall SRYSO/Musette/Musette-VIOLIN-1.pdf","Musette","Musette-VIOLIN-1.pdf"
